{   "parent": "block/block",
    "display": {
        "gui": {
            "rotation": [ 30, 135, 0 ],
            "translation": [ 0, 0, 0],
            "scale":[ 0.625, 0.625, 0.625 ]
        },
        "head": {
            "rotation": [ 0, -90, 0 ],
            "translation": [ 0, 0, 0 ],
            "scale": [ 1, 1, 1 ]
        },
        "thirdperson_lefthand": {
            "rotation": [ 75, -135, 0 ],
            "translation": [ 0, 2.5, 0],
            "scale": [ 0.375, 0.375, 0.375 ]
        }
    },
    "textures": {
        "particle": "#solid"
    },
    "elements": [
        {   "from": [ 0, 0, 0 ],
            "to": [ 16, 8, 16 ],
            "faces": {
				"down":  { "uv": [ 0, 0, 16, 16 ], "texture": "#bottom", "cullface": "down"},
				"up":	 { "uv": [ 0, 0, 16, 16 ], "texture": "#vertical"},
				"north": { "uv": [ 0, 8, 16, 16 ], "texture": "#side_r", "cullface": "north"},
				"south": { "uv": [ 0, 8, 16, 16 ], "texture": "#side_l", "cullface": "south"},
				"east":	 { "uv": [ 0, 8, 16, 16 ], "texture": "#horizontal", "cullface": "east"},
				"west":	 { "uv": [ 0, 8, 16, 16 ], "texture": "#solid", "cullface": "west"}
			}
        },
        {   "from": [ 0, 8, 0 ],
            "to": [ 8, 16, 16 ],
            "faces": {
				"up":	 { "uv": [ 0, 0,  8, 16 ], "texture": "#vertical", "cullface": "up" },
				"north": { "uv": [ 8, 0, 16,  8 ], "texture": "#side_r", "cullface": "north" },
				"south": { "uv": [ 0, 0,  8,  8 ], "texture": "#side_l", "cullface": "south" },
				"west":	 { "uv": [ 0, 0, 16,  8 ], "texture": "#solid", "cullface": "west" },
				"east":	 { "uv": [ 0, 0, 16,  8 ], "texture": "#horizontal" }
            }
        }
    ]
}
