{
"textures": {
    "particle": "block/shulker_box",
	"texture": "entity/shulker/shulker"
	},
	"elements": [
		{
			"name": "shell_top",
			"from": [-0.01, 3.99, -0.01],
			"to": [16.01, 16.01, 16.01],
			"shade": false,
			"faces": {
				"north": {"uv": [8, 4, 4, 7], "texture": "#texture"},
				"east": {"uv": [12, 4, 8, 7], "texture": "#texture"},
				"south": {"uv": [16, 4, 12, 7], "texture": "#texture"},
				"west": {"uv": [4, 4, 0, 7], "texture": "#texture"},
				"up": {"uv": [4, 4, 8, 0], "texture": "#texture"},
				"down": {"uv": [8, 0, 12, 4], "texture": "#texture"}
			}
		},
		{
			"name": "shell_bottom",
			"from": [0, 0.01, 0],
			"to": [16, 8.01, 16],
			"shade": false,
			"faces": {
				"north": {"uv": [8, 11, 4, 13], "texture": "#texture"},
				"east": {"uv": [12, 11, 8, 13], "texture": "#texture"},
				"south": {"uv": [16, 11, 12, 13], "texture": "#texture"},
				"west": {"uv": [4, 11, 0, 13], "texture": "#texture"},
				"up": {"uv": [4, 11, 8, 7], "texture": "#texture"},
				"down": {"uv": [8, 7, 12, 11], "texture": "#texture"}
			}
		}
	],
	"display": {
		"thirdperson_righthand": {
			"rotation": [75, 45, 0],
			"translation": [0, 2.5, 0],
			"scale": [0.375, 0.375, 0.375]
		},
		"thirdperson_lefthand": {
			"rotation": [69, -45, 0],
			"translation": [0, 2.5, 0],
			"scale": [0.3, 0.3, 0.3]
		},
		"firstperson_righthand": {
			"rotation": [2, -39, 0],
			"scale": [0.35, 0.35, 0.35]
		},
		"firstperson_lefthand": {
			"rotation": [2, -39, 0],
			"scale": [0.35, 0.35, 0.35]
		},
		"ground": {
			"scale": [0.25, 0.25, 0.25]
		},
		"gui": {
			"rotation": [35, 45, 0],
			"scale": [0.6, 0.6, 0.6]
		},
		"head": {
			"translation": [0, 1.25, 0]
		},
		"fixed": {
			"scale": [0.5, 0.5, 0.5]
		}
	},
	"groups": [
		{
			"name": "lid",
			"shade": false,
			"origin": [0, 0, 0],
			"children": [0]
		},
		{
			"name": "base",
			"shade": false,
			"origin": [0, 0, 0],
			"children": [1]
		}
	]
}