{	"parent": "block/thin_block",
	"textures": {
		"particle": "#front"
	},
    "elements": [
		{	"from": [ 0, 0, 0 ],
			"to": [ 16, 3, 16 ],
			"faces": {
				"up":    { "uv": [	0, 16, 16,	0 ], "texture": "#front" },
				"down":  { "uv": [	0,	0, 16, 16 ], "texture": "#front", "cullface": "down" },
				"north": { "uv": [	0,	0, 16,	3 ], "texture": "#sides", "cullface": "north" },
				"south": { "uv": [	0,	0, 16,	3 ], "texture": "#sides", "cullface": "south" },
				"east":  { "uv": [	0,	0, 16,	3 ], "texture": "#sides", "cullface": "east" },
				"west":  { "uv": [	0,	0, 16,	3 ], "texture": "#sides", "cullface": "west" }
			}
		}
	]
}