[
  {"type":"item", "name":"minecraft:wooden_sword", "value":3},
  {"type":"item", "name":"minecraft:wooden_axe", "value":3},
  {"type":"item", "name":"minecraft:wooden_hoe", "value":3},
  {"type":"item", "name":"minecraft:wooden_shovel", "value":3},
  {"type":"item", "name":"minecraft:stone_sword", "value":6},
  {"type":"item", "name":"minecraft:stone_axe", "value":6},
  {"type":"item", "name":"minecraft:stone_hoe", "value":6},
  {"type":"item", "name":"minecraft:stone_shovel", "value":6},
  {"type":"item", "name":"minecraft:wooden_pickaxe", "value":3},
  {"type":"item", "name":"minecraft:beef", "value":5},
  {"type":"item", "name":"minecraft:chicken", "value":5},
  {"type":"item", "name":"minecraft:porkchop", "value":5},
  {"type":"item", "name":"minecraft:leather", "value":3},
  {"type":"item", "name":"minecraft:leather_chestplate", "value":3},
  {"type":"item", "name":"minecraft:leather_helmet", "value":3},
  {"type":"item", "name":"minecraft:leather_leggings", "value":3},
  {"type":"item", "name":"minecraft:leather_boots", "value":3},
  {"type":"item", "name":"minecraft:reeds", "value":2},
  {"type":"item", "name":"minecraft:wheat_seeds", "value":1},
  {"type":"item", "name":"minecraft:wheat", "value":1},
  {"type":"item", "name":"minecraft:bread", "value":3},
  {"type":"item", "name":"minecraft:coal", "value":5},
  {"type":"item", "name":"minecraft:sugar", "value":5},
  {"type":"item", "name":"minecraft:clay_ball", "value":0},
  {"type":"item", "name":"minecraft:dye", "value":1},
  {"type":"item", "name":"minecraft:cooked_beef", "value":5},
  {"type":"item", "name":"minecraft:cooked_chicken", "value":5},
  {"type":"item", "name":"minecraft:cooked_porkchop", "value":5},
  {"type":"item", "name":"minecraft:cookie", "value":10},
  {"type":"item", "name":"minecraft:melon", "value":5},
  {"type":"item", "name":"minecraft:melon_seeds", "value":1},
  {"type":"item", "name":"minecraft:iron_helmet", "value":5},
  {"type":"item", "name":"minecraft:iron_chestplate", "value":5},
  {"type":"item", "name":"minecraft:iron_leggings", "value":5},
  {"type":"item", "name":"minecraft:iron_boots", "value":5},
  {"type":"item", "name":"minecraft:cake", "value":15},
  {"type":"item", "name":"minecraft:iron_sword", "value":5},
  {"type":"item", "name":"minecraft:iron_axe", "value":5},
  {"type":"item", "name":"minecraft:iron_hoe", "value":5},
  {"type":"item", "name":"minecraft:iron_pickaxe", "value":5},
  {"type":"item", "name":"minecraft:iron_shovel", "value":5},
  {"type":"item", "name":"minecraft:fishing_rod", "value":1},
  {"type":"item", "name":"minecraft:bow", "value":3},
  {"type":"item", "name":"minecraft:book", "value":5},
  {"type":"item", "name":"minecraft:bucket", "value":0},
  {"type":"item", "name":"minecraft:milk_bucket", "value":3},
  {"type":"item", "name":"minecraft:water_bucket", "value":0},
  {"type":"item", "name":"minecraft:lava_bucket", "value":0},
  {"type":"item", "name":"minecraft:mushroom_stew", "value":10},
  {"type":"item", "name":"minecraft:pumpkin_seeds", "value":2},
  {"type":"item", "name":"minecraft:flint_and_steel", "value":3},
  {"type":"item", "name":"minecraft:redstone", "value":2},
  {"type":"item", "name":"minecraft:boat", "value":3},
  {"type":"item", "name":"minecraft:iron_door", "value":0},
  {"type":"item", "name":"minecraft:minecart", "value":0},
  {"type":"item", "name":"minecraft:flint", "value":0},
  {"type":"item", "name":"minecraft:gold_nugget", "value":5},
  {"type":"item", "name":"minecraft:gold_ingot", "value":8},
  {"type":"item", "name":"minecraft:iron_ingot", "value":4},
  {"type":"item", "name":"minecraft:diamond", "value":15},
  {"type":"item", "name":"minecraft:map", "value":0},
  {"type":"item", "name":"minecraft:clock", "value":3},
  {"type":"item", "name":"minecraft:compass", "value":3},
  {"type":"item", "name":"minecraft:blaze_rod", "value":10},
  {"type":"item", "name":"minecraft:blaze_powder", "value":6},
  {"type":"item", "name":"minecraft:diamond_sword", "value":10},
  {"type":"item", "name":"minecraft:diamond_axe", "value":10},
  {"type":"item", "name":"minecraft:diamond_shovel", "value":10},
  {"type":"item", "name":"minecraft:diamond_hoe", "value":10},
  {"type":"item", "name":"minecraft:diamond_helmet", "value":10},
  {"type":"item", "name":"minecraft:diamond_chestplate", "value":10},
  {"type":"item", "name":"minecraft:diamond_leggings", "value":10},
  {"type":"item", "name":"minecraft:diamond_boots", "value":10},
  {"type":"item", "name":"minecraft:painting", "value":10},
  {"type":"item", "name":"minecraft:ender_pearl", "value":15},
  {"type":"item", "name":"minecraft:ender_eye", "value":25},
  {"type":"item", "name":"minecraft:slime_ball", "value":0},
  {"type":"item", "name":"minecraft:saddle", "value":3},
  {"type":"item", "name":"minecraft:gunpowder", "value":5},
  {"type":"item", "name":"minecraft:golden_apple", "value":25},
  {"type":"item", "name":"minecraft:record_11", "value":15},
  {"type":"item", "name":"minecraft:record_13", "value":15},
  {"type":"item", "name":"minecraft:record_wait", "value":15},
  {"type":"item", "name":"minecraft:record_cat", "value":15},
  {"type":"item", "name":"minecraft:record_chirp", "value":15},
  {"type":"item", "name":"minecraft:record_far", "value":15},
  {"type":"item", "name":"minecraft:record_mall", "value":15},
  {"type":"item", "name":"minecraft:record_mellohi", "value":15},
  {"type":"item", "name":"minecraft:record_stal", "value":15},
  {"type":"item", "name":"minecraft:record_strad", "value":15},
  {"type":"item", "name":"minecraft:record_ward", "value":15},
  {"type":"item", "name":"minecraft:emerald", "value":25},
  {"type":"block","name":"minecraft:red_flower","value":2},
  {"type":"block","name":"minecraft:yellow_flower","value":2},
  {"type":"block","name":"minecraft:planks","value":1},
  {"type":"block","name":"minecraft:log","value":1},
  {"type":"block","name":"minecraft:pumpkin","value":3},
  {"type":"block","name":"minecraft:chest","value":6},
  {"type":"block","name":"minecraft:wool","value":3},
  {"type":"block","name":"minecraft:iron_ore","value":3},
  {"type":"block","name":"minecraft:gold_ore","value":5},
  {"type":"block","name":"minecraft:redstone_ore","value":3},
  {"type":"block","name":"minecraft:rail","value":5},
  {"type":"block","name":"minecraft:detector_rail","value":7},
  {"type":"block","name":"minecraft:activator_rail","value":7},
  {"type":"block","name":"minecraft:furnace","value":5},
  {"type":"block","name":"minecraft:crafting_table","value":3},
  {"type":"block","name":"minecraft:lapis_block","value":15},
  {"type":"block","name":"minecraft:bookshelf","value":5},
  {"type":"block","name":"minecraft:gold_block","value":15},
  {"type":"block","name":"minecraft:iron_block","value":10},
  {"type":"block","name":"minecraft:diamond_block","value":25},
  {"type":"block","name":"minecraft:brewing_stand","value":5},
  {"type":"block","name":"minecraft:enchanting_table","value":5},
  {"type":"block","name":"minecraft:brick_block","value":3},
  {"type":"block","name":"minecraft:obsidian","value":9},
  {"type":"block","name":"minecraft:piston","value":6},
  {"type":"block","name":"minecraft:glowstone","value":5},
  {"type":"block","name":"minecraft:emerald_block","value":25},
  {"type":"block","name":"minecraft:redstone_block","value":15},
  {"type":"block","name":"mca:rose_gold_block","value":10},
  {"type":"block","name":"mca:rose_gold_ore","value":10},
  ##ADDED##
  {"type":"item", "name":"minecraft:shulker_shell", "value":15},
  {"type":"item", "name":"minecraft:experience_bottle", "value":10},
  {"type":"item", "name":"minecraft:dragon_breath", "value":7},
  {"type":"item", "name":"minecraft:totem_of_undying", "value":30},
  {"type":"item", "name":"minecraft:nether_star", "value":20},
  {"type":"item", "name":"minecraft:firework_rocket", "value":3},
  {"type":"item", "name":"minecraft:quartz", "value":3},
  {"type":"block", "name":"minecraft:beacon", "value":25},
  
  
  
  
]